Workbook

Sheet Review
A1: MediPort Accessibility Review — Tracker task 4.3 (hi-fi screens)
A2: HOW TO USE — Edit only the white screen cells (dropdown: ✓ Pass / ✗ Fail / — N/A) and the Notes column. Row 5 (H1) is prefilled as an EXAMPLE — overwrite it with real findings. Fails feed the 5.2 P0/P1 fix list. Companion doc: MediPort_Accessibility_Checklist.md. Reviewer: Echo · Week 4 (Aug 10–16, 2026).
A3: ID | B3: Check | C3: WCAG 2.2 | D3: Onboarding | E3: Home | F3: Log Event | G3: Timeline | H3: Generate Summary | I3: Summary view | J3: Notes / fix
A4: 1 · HEAR — design for eyes, not ears
A5: H1 | B5: Nothing depends on sound alone: every alert/confirmation/error has a visual (and haptic) equivalent | C5: 1.3.3 A | D5: ✓ Pass | E5: ✓ Pass | F5: ✗ Fail | G5: ✓ Pass | H5: — N/A | I5: ✓ Pass | J5: EXAMPLE — Log Event success toast is sound/vibration only; add inline visual confirmation. Replace this row with real findings.
A6: H2 | B6: Any video or audio content ships with captions or a transcript | C6: 1.2.2 A
A7: H3 | B7: All contact / help paths offer a text channel — never phone-call-only | C7: principle
A8: H4 | B8: Summary view legible at arm's length for tap-to-answer in clinic | C8: product
A9: 2 · SEE — high contrast, generous type
A10: S1 | B10: Text contrast ≥ 4.5:1; icons and UI components ≥ 3:1 | C10: 1.4.3/1.4.11 AA
A11: S2 | B11: Layout survives 200% text size without loss or 2-D scrolling | C11: 1.4.4/1.4.10 AA
A12: S3 | B12: Color never carries meaning alone — pair with icon, label, or pattern | C12: 1.4.1 A
A13: S4 | B13: Body text ≥ 16 sp, clean typeface, no all-caps blocks, no text in images | C13: practice
A14: S5 | B14: Meaningful images/icons have alt text conveying meaning, not appearance | C14: 1.1.1 A
A15: 3 · TOUCH — big targets, no tricky gestures
A16: T1 | B16: Touch targets ≥ 48×48 dp with spacing between them | C16: 2.5.8 AA
A17: T2 | B17: No drag-only or multi-finger-only actions — plain-tap alternative exists | C17: 2.5.7/2.5.1
A18: T3 | B18: Actions trigger on release and can be cancelled by sliding away | C18: 2.5.2 A
A19: T4 | B19: Never requires shaking or tilting the device | C19: 2.5.4 A
A20: T5 | B20: Typing minimized: pickers, defaults, reuse of previously entered info | C20: 3.3.7 A
A21: 4 · STEADY — calm motion, no rush
A22: M1 | B22: Respects OS reduce-motion; no parallax, bounce, or flashing | C22: 2.3.1 A
A23: M2 | B23: Anything moving > 5 s can be paused or stopped | C23: 2.2.2 A
A24: M3 | B24: No time limits on logging or forms | C24: 2.2.1 A
A25: M4 | B25: Errors prevented and reversible: confirm before deleting a record | C25: 3.3.4 AA
A26: 5 · UNDERSTAND — plain words, clear paths
A27: U1 | B27: One primary task per screen; progressive disclosure for the rest | C27: IA
A28: U2 | B28: Navigation consistent and visible; same labels everywhere (taxonomy) | C28: 3.2.3 AA
A29: U3 | B29: Headings/titles make sense read alone; heading levels never skip | C29: 2.4.6 AA
A30: U4 | B30: Form fields have persistent labels and format hints — never placeholder-only | C30: 3.3.2 A
A31: U5 | B31: Plain language for medical terms; mirrors clinicians' wording in Summary | C31: practice

Sheet Summary
A1: Review summary — live counts (auto-updates as Review sheet is filled)
A3: Screen | B3: ✓ Pass | C3: ✗ Fail | D3: — N/A | E3: Unchecked
A4: Onboarding | B4: =COUNTIF(Review!D5:D31,"✓ Pass") -> 1 | C4: =COUNTIF(Review!D5:D31,"✗ Fail") -> 0 | D4: =COUNTIF(Review!D5:D31,"— N/A") -> 0 | E4: =23-B4-C4-D4 -> 22
A5: Home | B5: =COUNTIF(Review!E5:E31,"✓ Pass") -> 1 | C5: =COUNTIF(Review!E5:E31,"✗ Fail") -> 0 | D5: =COUNTIF(Review!E5:E31,"— N/A") -> 0 | E5: =23-B5-C5-D5 -> 22
A6: Log Event | B6: =COUNTIF(Review!F5:F31,"✓ Pass") -> 0 | C6: =COUNTIF(Review!F5:F31,"✗ Fail") -> 1 | D6: =COUNTIF(Review!F5:F31,"— N/A") -> 0 | E6: =23-B6-C6-D6 -> 22
A7: Timeline | B7: =COUNTIF(Review!G5:G31,"✓ Pass") -> 1 | C7: =COUNTIF(Review!G5:G31,"✗ Fail") -> 0 | D7: =COUNTIF(Review!G5:G31,"— N/A") -> 0 | E7: =23-B7-C7-D7 -> 22
A8: Generate Summary | B8: =COUNTIF(Review!H5:H31,"✓ Pass") -> 0 | C8: =COUNTIF(Review!H5:H31,"✗ Fail") -> 0 | D8: =COUNTIF(Review!H5:H31,"— N/A") -> 1 | E8: =23-B8-C8-D8 -> 22
A9: Summary view | B9: =COUNTIF(Review!I5:I31,"✓ Pass") -> 1 | C9: =COUNTIF(Review!I5:I31,"✗ Fail") -> 0 | D9: =COUNTIF(Review!I5:I31,"— N/A") -> 0 | E9: =23-B9-C9-D9 -> 22
A11: Total checks per screen: 23. Note: pillar section rows are excluded from counts (counts read rows 5–31 of the Review sheet, blank section rows count nothing).
